state,chi
Andhra Pradesh,9.27275708329e-07
Jammu & Kashmir,0.0
Himachal Pradesh,0.00601287190512
Punjab,0.840538913565
Chandigarh,0.000214080590896
Uttarakhand,1.31118024441e-05
Haryana,2.22044604925e-15
Delhi,2.16256134244e-06
Rajasthan,0.00839807187516
Uttar Pradesh,0.0
Sikkim,0.0154409418179
Arunanchal Pradesh,1.88310069982e-07
Nagaland,0.0869368174174
Manipur,0.00111419233646
Mizoram,0.000473370457162
Tripura,0.462782511198
Meghalaya,4.40111691535e-08
Assam,0.733130845484
Bihar,3.2097324798e-11
West Bengal,7.40638866903e-08
Jharkhand,6.12631056995e-11
Odisha,0.0
Chhattisgarh,7.65276730874e-13
Madhya Pradesh,0.451417974331
Gujarat,0.0340930944847
Daman & Diu,0.0199832305379
Dadara & Nagar Havelli,0.00146080527445
Maharashtra,0.0
Goa,0.0
Karnataka,1.2535069871e-08
Lakshadweep,1.0
Kerala,0.0
Tamil Nadu,7.96235627942e-06
Puducherry,0.459153179548
