state,chi
Andhra Pradesh,0.00170614918256
Jammu & Kashmir,2.54019028034e-13
Himachal Pradesh,9.17002701173e-06
Punjab,0.780568703402
Chandigarh,0.0066646475551
Uttarakhand,0.0115819246954
Haryana,0.0289644833781
Delhi,3.33066907388e-14
Rajasthan,0.0
Uttar Pradesh,0.109777700874
Sikkim,0.712897566755
Arunanchal Pradesh,0.387668629891
Nagaland,0.0246176449304
Manipur,0.0250794526108
Mizoram,0.234350514486
Tripura,0.0036064814329
Meghalaya,0.0985454816433
Assam,0.000126612105394
Bihar,0.0293586522797
West Bengal,0.00991491323594
Jharkhand,0.0
Odisha,0.0
Chhattisgarh,0.0
Madhya Pradesh,0.010531675411
Gujarat,0.656470365127
Daman & Diu,0.754544603483
Dadara & Nagar Havelli,0.0
Maharashtra,7.83817455385e-14
Goa,2.82229684068e-10
Karnataka,0.201666176245
Lakshadweep,1.0
Kerala,0.0
Tamil Nadu,0.0488640529767
Puducherry,0.382463214992
