state,chi
Andhra Pradesh,0.0
Jammu & Kashmir,0.00201896605112
Himachal Pradesh,1.09134923321e-12
Punjab,0.751137556557
Chandigarh,0.000116243137701
Uttarakhand,0.0
Haryana,0.000178491714272
Delhi,0.0
Rajasthan,0.0
Uttar Pradesh,0.0
Sikkim,7.12717008761e-05
Arunanchal Pradesh,0.0260547623472
Nagaland,0.0878851303661
Manipur,0.00400477148708
Mizoram,1.0
Tripura,1.65370285546e-05
Meghalaya,0.0106441499189
Assam,3.2684965845e-13
Bihar,0.0
West Bengal,0.0
Jharkhand,0.0
Odisha,0.0
Chhattisgarh,0.0
Madhya Pradesh,0.0
Gujarat,0.154568387341
Daman & Diu,0.0906123726524
Dadara & Nagar Havelli,0.0
Maharashtra,0.0
Goa,0.0
Karnataka,0.814937180012
Lakshadweep,1.0
Kerala,0.0365563716835
Tamil Nadu,0.0
Puducherry,0.0830317586452
