state,chi
Andhra Pradesh,1.36055750968e-05
Jammu & Kashmir,0.0
Himachal Pradesh,8.56421194046e-05
Punjab,1.0
Chandigarh,5.09571271481e-05
Uttarakhand,4.96687080354e-08
Haryana,0.0362091787436
Delhi,3.28363907176e-08
Rajasthan,3.33066907388e-15
Uttar Pradesh,0.0
Sikkim,0.0187782924033
Arunanchal Pradesh,0.701280640306
Nagaland,0.146510171104
Manipur,0.021514870397
Mizoram,0.000202140266918
Tripura,0.95893270912
Meghalaya,3.24724867329e-07
Assam,3.11152326127e-10
Bihar,0.00139519827949
West Bengal,3.54332974073e-09
Jharkhand,0.0825840853103
Odisha,8.59258109109e-10
Chhattisgarh,1.11022302463e-16
Madhya Pradesh,0.157568770644
Gujarat,0.982391648093
Daman & Diu,0.544802864252
Dadara & Nagar Havelli,4.0429960968e-07
Maharashtra,3.47349954322e-06
Goa,2.8177460365e-13
Karnataka,0.00214687742837
Lakshadweep,1.0
Kerala,0.00337618277095
Tamil Nadu,1.3542065469e-07
Puducherry,0.00163408164247
